id,nom,email,id_departement,salaire,date_embauche
1,Chloé Robert,chloé.robert@website.org,5,48007,2013-11-23
2,Nicolas Leroy,nicolas.leroy@example.com,4,35335,2020-08-05
3,Pierre Richard,pierre.richard@website.org,5,54125,2015-06-22
4,Luc Dupont,luc.dupont@example.com,7,45541,2012-06-13
5,Nicolas Richard,nicolas.richard@example.com,7,46700,2018-10-09
6,Luc Bernard,luc.bernard@mail.com,7,53900,2013-01-09
7,Luc Bernard,luc.bernard@example.com,10,48805,2022-12-02
8,Alex Moreau,alex.moreau@example.com,1,41501,2015-08-24
9,Marie Robert,marie.robert@example.com,6,58770,2020-10-28
10,Nicolas Petit,nicolas.petit@example.com,9,48676,2012-03-26
11,Julie Richard,julie.richard@mail.com,7,41042,2012-02-10
12,Pierre Martin,pierre.martin@mail.com,9,53051,2018-10-15
13,Julie Bernard,julie.bernard@example.com,9,31402,2016-06-01
14,Nicolas Bernard,nicolas.bernard@example.com,2,49672,2021-12-21
15,Sophie Leroy,sophie.leroy@example.com,5,56634,2015-06-07
16,Marie Bernard,marie.bernard@website.org,9,36249,2018-01-25
17,Pierre Petit,pierre.petit@website.org,9,58770,2019-09-28
18,Julie Dupont,julie.dupont@example.com,8,31550,2010-10-25
19,Alex Thomas,alex.thomas@website.org,2,48872,2016-12-11
20,Emma Robert,emma.robert@website.org,4,50322,2010-06-06
21,Alex Robert,alex.robert@example.com,2,30422,2020-12-07
22,Alex Richard,alex.richard@example.com,2,47470,2012-02-21
23,Marie Petit,marie.petit@website.org,3,49826,2013-04-03
24,Nicolas Dupont,nicolas.dupont@website.org,10,43727,2022-01-25
25,Pierre Dupont,pierre.dupont@website.org,8,48999,2020-01-24
26,Sophie Dupont,sophie.dupont@mail.com,10,48587,2020-09-17
27,Nicolas Robert,nicolas.robert@mail.com,1,38999,2021-06-14
28,Jean Dupont,jean.dupont@example.com,7,39931,2012-11-05
29,Nicolas Dupont,nicolas.dupont@mail.com,7,53680,2018-07-11
30,Jean Moreau,jean.moreau@mail.com,7,30782,2015-05-20
31,Alex Dupont,alex.dupont@example.com,7,53313,2017-10-02
32,Luc Durand,luc.durand@mail.com,6,36728,2020-02-19
33,Emma Moreau,emma.moreau@example.com,10,58713,2020-06-07
34,Jean Bernard,jean.bernard@website.org,6,45515,2018-03-10
35,Julie Leroy,julie.leroy@website.org,8,36964,2015-02-06
36,Luc Robert,luc.robert@website.org,5,54513,2012-07-06
37,Chloé Richard,chloé.richard@mail.com,4,31952,2017-09-22
38,Sophie Petit,sophie.petit@mail.com,5,50790,2017-06-17
39,Chloé Richard,chloé.richard@website.org,8,45908,2016-05-09
40,Emma Martin,emma.martin@example.com,2,41890,2012-05-16
41,Julie Leroy,julie.leroy@mail.com,2,44834,2010-08-09
42,Pierre Durand,pierre.durand@website.org,2,30287,2012-10-21
43,Marie Bernard,marie.bernard@website.org,2,37316,2011-06-20
44,Pierre Martin,pierre.martin@mail.com,9,37373,2015-05-26
45,Luc Moreau,luc.moreau@website.org,3,55893,2018-11-14
46,Alex Durand,alex.durand@mail.com,5,42091,2014-03-02
47,Sophie Martin,sophie.martin@example.com,1,39155,2011-02-02
48,Julie Moreau,julie.moreau@mail.com,10,51644,2013-05-23
49,Julie Moreau,julie.moreau@website.org,3,32018,2020-04-10
50,Chloé Robert,chloé.robert@website.org,3,52413,2021-06-12
51,Pierre Dupont,pierre.dupont@example.com,8,51556,2011-06-14
52,Nicolas Martin,nicolas.martin@example.com,2,55211,2012-04-05
53,Nicolas Martin,nicolas.martin@mail.com,2,43101,2014-12-09
54,Luc Dupont,luc.dupont@example.com,4,54840,2010-08-21
55,Marie Martin,marie.martin@mail.com,8,41150,2011-01-27
56,Pierre Moreau,pierre.moreau@website.org,1,53088,2015-12-09
57,Alex Robert,alex.robert@mail.com,2,37402,2011-02-14
58,Sophie Moreau,sophie.moreau@website.org,5,48746,2018-01-19
59,Luc Bernard,luc.bernard@mail.com,6,56370,2017-02-18
60,Nicolas Durand,nicolas.durand@mail.com,1,59046,2021-05-11
61,Alex Thomas,alex.thomas@example.com,5,59929,2018-12-09
62,Emma Leroy,emma.leroy@website.org,1,42572,2012-02-15
63,Alex Petit,alex.petit@example.com,9,47223,2020-03-08
64,Jean Dupont,jean.dupont@mail.com,6,47123,2010-07-02
65,Pierre Thomas,pierre.thomas@example.com,3,42848,2016-08-02
66,Julie Durand,julie.durand@example.com,3,53860,2013-11-09
67,Luc Dupont,luc.dupont@example.com,9,42195,2018-12-14
68,Pierre Thomas,pierre.thomas@example.com,2,42465,2022-08-15
69,Marie Bernard,marie.bernard@mail.com,4,54415,2018-01-04
70,Emma Richard,emma.richard@example.com,8,53763,2012-05-23
71,Chloé Durand,chloé.durand@example.com,2,57934,2011-05-16
72,Julie Bernard,julie.bernard@website.org,5,48802,2017-02-14
73,Alex Petit,alex.petit@website.org,4,48430,2018-01-09
74,Chloé Martin,chloé.martin@mail.com,9,35106,2018-09-02
75,Marie Robert,marie.robert@website.org,2,43064,2017-01-14
76,Sophie Moreau,sophie.moreau@website.org,9,57178,2021-05-04
77,Marie Leroy,marie.leroy@example.com,8,38616,2019-09-06
78,Luc Robert,luc.robert@website.org,2,50811,2012-08-27
79,Jean Robert,jean.robert@website.org,3,56092,2022-11-13
80,Marie Dupont,marie.dupont@example.com,8,54297,2010-06-13
81,Jean Thomas,jean.thomas@mail.com,4,36441,2014-05-22
82,Nicolas Dupont,nicolas.dupont@mail.com,2,48296,2021-04-01
83,Sophie Thomas,sophie.thomas@website.org,4,48436,2017-08-13
84,Sophie Leroy,sophie.leroy@mail.com,1,56631,2014-03-04
85,Julie Moreau,julie.moreau@website.org,8,46300,2017-07-23
86,Emma Richard,emma.richard@website.org,5,55794,2010-01-05
87,Nicolas Robert,nicolas.robert@example.com,6,38544,2017-03-15
88,Nicolas Thomas,nicolas.thomas@example.com,6,49977,2012-08-05
89,Nicolas Bernard,nicolas.bernard@mail.com,3,48097,2017-05-02
90,Chloé Durand,chloé.durand@mail.com,4,55552,2018-04-07
91,Emma Bernard,emma.bernard@example.com,2,43880,2012-07-13
92,Sophie Richard,sophie.richard@mail.com,5,44446,2015-10-22
93,Pierre Thomas,pierre.thomas@website.org,1,58287,2019-09-12
94,Emma Petit,emma.petit@mail.com,7,48548,2015-02-24
95,Marie Leroy,marie.leroy@website.org,6,36759,2016-03-06
96,Marie Dupont,marie.dupont@website.org,3,31373,2011-02-27
97,Chloé Robert,chloé.robert@mail.com,5,47287,2018-03-01
98,Julie Leroy,julie.leroy@mail.com,10,34770,2012-01-20
99,Pierre Bernard,pierre.bernard@website.org,7,53156,2010-06-01
100,Jean Durand,jean.durand@website.org,4,38912,2012-04-27
